path,source,true_label,assign_class,maha,pca,knn,is_ood,label,group
/home/reshma/Otolith/otolith_Final/OOD/shallow_marine/Grouper/L_G_Image001.tif,OOD,OOD_shallow_marine_Grouper,Neomerinthe erostris,65.65582,5.144566,17.412149772644042,True,OOD_shallow_marine_Grouper,OOD
/home/reshma/Otolith/otolith_Final/OOD/shallow_marine/Grouper/L_G_Image002.tif,OOD,OOD_shallow_marine_Grouper,Neomerinthe erostris,64.22805,5.0647674,17.66964111328125,True,OOD_shallow_marine_Grouper,OOD
/home/reshma/Otolith/otolith_Final/OOD/shallow_marine/Grouper/L_G_Image003.tif,OOD,OOD_shallow_marine_Grouper,Neomerinthe erostris,79.87087,7.204622,20.444429512023927,True,OOD_shallow_marine_Grouper,OOD
/home/reshma/Otolith/otolith_Final/OOD/shallow_marine/Grouper/L_G_Image004.tif,OOD,OOD_shallow_marine_Grouper,Neomerinthe erostris,80.97263,7.224155,20.41297645568848,True,OOD_shallow_marine_Grouper,OOD
/home/reshma/Otolith/otolith_Final/OOD/shallow_marine/Grouper/L_G_Image005.tif,OOD,OOD_shallow_marine_Grouper,Neomerinthe erostris,81.689896,7.1974907,20.352546157836915,True,OOD_shallow_marine_Grouper,OOD
/home/reshma/Otolith/otolith_Final/OOD/shallow_marine/Grouper/L_G_Image006.tif,OOD,OOD_shallow_marine_Grouper,Neomerinthe erostris,91.46451,7.255917,20.322970237731933,True,OOD_shallow_marine_Grouper,OOD
/home/reshma/Otolith/otolith_Final/OOD/shallow_marine/Grouper/L_G_Image007.tif,OOD,OOD_shallow_marine_Grouper,Neomerinthe erostris,80.569115,7.1182604,20.10796413421631,True,OOD_shallow_marine_Grouper,OOD
/home/reshma/Otolith/otolith_Final/OOD/shallow_marine/Grouper/L_G_Multi Focus Image - 1.tif,OOD,OOD_shallow_marine_Grouper,Neomerinthe erostris,88.90417,7.1806374,20.25097629547119,True,OOD_shallow_marine_Grouper,OOD
/home/reshma/Otolith/otolith_Final/OOD/shallow_marine/Grouper/L_G_Multi Focus Image - 7.tif,OOD,OOD_shallow_marine_Grouper,Neomerinthe erostris,77.04443,5.2536793,18.185346794128417,True,OOD_shallow_marine_Grouper,OOD
/home/reshma/Otolith/otolith_Final/OOD/shallow_marine/Grouper/L_G_Series001--Z12.tif,OOD,OOD_shallow_marine_Grouper,Neomerinthe erostris,82.04284,7.1956134,20.209583358764647,True,OOD_shallow_marine_Grouper,OOD
/home/reshma/Otolith/otolith_Final/OOD/shallow_marine/Grouper/L_G_Series001--Z13.tif,OOD,OOD_shallow_marine_Grouper,Neomerinthe erostris,82.03878,7.1909757,20.29535312652588,True,OOD_shallow_marine_Grouper,OOD
/home/reshma/Otolith/otolith_Final/OOD/shallow_marine/Grouper/L_G_Series001--Z14.tif,OOD,OOD_shallow_marine_Grouper,Neomerinthe erostris,82.298134,7.1710453,20.31282371520996,True,OOD_shallow_marine_Grouper,OOD
/home/reshma/Otolith/otolith_Final/OOD/shallow_marine/Grouper/L_G_Series001--Z14_90.tif,OOD,OOD_shallow_marine_Grouper,Neomerinthe erostris,66.26936,5.33005,17.685513763427736,True,OOD_shallow_marine_Grouper,OOD
/home/reshma/Otolith/otolith_Final/OOD/shallow_marine/Grouper/L_G_Series001--Z15.tif,OOD,OOD_shallow_marine_Grouper,Neomerinthe erostris,81.494865,7.1748776,20.29461803436279,True,OOD_shallow_marine_Grouper,OOD
/home/reshma/Otolith/otolith_Final/OOD/shallow_marine/Grouper/L_G_Series001--Z15_90.tif,OOD,OOD_shallow_marine_Grouper,Neomerinthe erostris,68.21818,5.236559,17.836344299316405,True,OOD_shallow_marine_Grouper,OOD
/home/reshma/Otolith/otolith_Final/OOD/shallow_marine/Grouper/L_G_Series001--Z16.tif,OOD,OOD_shallow_marine_Grouper,Neomerinthe erostris,82.04869,7.1630073,20.18898464202881,True,OOD_shallow_marine_Grouper,OOD
/home/reshma/Otolith/otolith_Final/OOD/shallow_marine/Grouper/L_G_Series001--Z16_90.tif,OOD,OOD_shallow_marine_Grouper,Neomerinthe erostris,65.90031,5.215514,17.645914325714113,True,OOD_shallow_marine_Grouper,OOD
/home/reshma/Otolith/otolith_Final/OOD/shallow_marine/Grouper/L_G_Series001--Z17.tif,OOD,OOD_shallow_marine_Grouper,Neomerinthe erostris,81.84559,7.1621704,20.12932197570801,True,OOD_shallow_marine_Grouper,OOD
/home/reshma/Otolith/otolith_Final/OOD/shallow_marine/Grouper/L_G_Series001--Z17_90.tif,OOD,OOD_shallow_marine_Grouper,Neomerinthe erostris,64.92127,5.168143,17.426068572998048,True,OOD_shallow_marine_Grouper,OOD
/home/reshma/Otolith/otolith_Final/OOD/shallow_marine/Grouper/L_G_Series001--Z18.tif,OOD,OOD_shallow_marine_Grouper,Neomerinthe erostris,82.5162,7.169419,20.218386726379396,True,OOD_shallow_marine_Grouper,OOD
/home/reshma/Otolith/otolith_Final/OOD/shallow_marine/Grouper/L_G_Series001--Z18_90.tif,OOD,OOD_shallow_marine_Grouper,Neomerinthe erostris,64.818214,5.158738,17.460797214508055,True,OOD_shallow_marine_Grouper,OOD
/home/reshma/Otolith/otolith_Final/OOD/shallow_marine/Grouper/L_G_Series001--Z19.tif,OOD,OOD_shallow_marine_Grouper,Neomerinthe erostris,80.80911,7.164555,20.10463180541992,True,OOD_shallow_marine_Grouper,OOD
/home/reshma/Otolith/otolith_Final/OOD/shallow_marine/Grouper/L_G_Series001--Z19_90.tif,OOD,OOD_shallow_marine_Grouper,Neomerinthe erostris,63.70969,5.157657,17.286773090362548,True,OOD_shallow_marine_Grouper,OOD
/home/reshma/Otolith/otolith_Final/OOD/shallow_marine/Grouper/R_G_Image001.tif,OOD,OOD_shallow_marine_Grouper,Neomerinthe erostris,77.19262,5.57755,18.55411455154419,True,OOD_shallow_marine_Grouper,OOD
/home/reshma/Otolith/otolith_Final/OOD/shallow_marine/Grouper/R_G_Image002.tif,OOD,OOD_shallow_marine_Grouper,Neomerinthe erostris,77.46396,5.6041484,18.41618309020996,True,OOD_shallow_marine_Grouper,OOD
/home/reshma/Otolith/otolith_Final/OOD/shallow_marine/Grouper/R_G_Image003.tif,OOD,OOD_shallow_marine_Grouper,Neomerinthe erostris,76.68995,5.5133705,18.262487239837647,True,OOD_shallow_marine_Grouper,OOD
/home/reshma/Otolith/otolith_Final/OOD/shallow_marine/Grouper/R_G_Image004.tif,OOD,OOD_shallow_marine_Grouper,Neomerinthe erostris,67.02495,5.0827246,16.069855728149413,True,OOD_shallow_marine_Grouper,OOD
/home/reshma/Otolith/otolith_Final/OOD/shallow_marine/Grouper/R_G_Multi Focus Image - 1.tif,OOD,OOD_shallow_marine_Grouper,Neomerinthe erostris,63.484512,5.241703,16.06580738067627,True,OOD_shallow_marine_Grouper,OOD
/home/reshma/Otolith/otolith_Final/OOD/shallow_marine/Grouper/R_G_Multi Focus Image - 10.tif,OOD,OOD_shallow_marine_Grouper,Neomerinthe erostris,77.8535,5.369055,18.19435411453247,True,OOD_shallow_marine_Grouper,OOD
/home/reshma/Otolith/otolith_Final/OOD/shallow_marine/Grouper/R_G_Series001--Z00.tif,OOD,OOD_shallow_marine_Grouper,Neomerinthe erostris,68.17073,5.2690415,16.799543685913086,True,OOD_shallow_marine_Grouper,OOD
/home/reshma/Otolith/otolith_Final/OOD/shallow_marine/Grouper/R_G_Series001--Z01.tif,OOD,OOD_shallow_marine_Grouper,Neomerinthe erostris,68.5798,5.226372,16.637196884155273,True,OOD_shallow_marine_Grouper,OOD
/home/reshma/Otolith/otolith_Final/OOD/shallow_marine/Grouper/R_G_Series001--Z02.tif,OOD,OOD_shallow_marine_Grouper,Neomerinthe erostris,68.07045,5.1913323,16.414119567871094,True,OOD_shallow_marine_Grouper,OOD
/home/reshma/Otolith/otolith_Final/OOD/shallow_marine/Grouper/R_G_Series001--Z03.tif,OOD,OOD_shallow_marine_Grouper,Neomerinthe erostris,68.66798,5.2167006,16.4610764503479,True,OOD_shallow_marine_Grouper,OOD
/home/reshma/Otolith/otolith_Final/OOD/shallow_marine/Grouper/R_G_Series001--Z04.tif,OOD,OOD_shallow_marine_Grouper,Neomerinthe erostris,69.03366,5.197023,16.57316776275635,True,OOD_shallow_marine_Grouper,OOD
/home/reshma/Otolith/otolith_Final/OOD/shallow_marine/Grouper/R_G_Series001--Z15_90.tif,OOD,OOD_shallow_marine_Grouper,Neomerinthe erostris,78.2152,5.6027064,18.45236713409424,True,OOD_shallow_marine_Grouper,OOD
/home/reshma/Otolith/otolith_Final/OOD/shallow_marine/Grouper/R_G_Series001--Z16_90.tif,OOD,OOD_shallow_marine_Grouper,Neomerinthe erostris,76.80389,5.648674,18.55501808166504,True,OOD_shallow_marine_Grouper,OOD
/home/reshma/Otolith/otolith_Final/OOD/shallow_marine/Grouper/R_G_Series001--Z17_90.tif,OOD,OOD_shallow_marine_Grouper,Neomerinthe erostris,76.94677,5.552181,18.53698867797852,True,OOD_shallow_marine_Grouper,OOD
/home/reshma/Otolith/otolith_Final/OOD/shallow_marine/Grouper/R_G_Series001--Z18_90.tif,OOD,OOD_shallow_marine_Grouper,Neomerinthe erostris,80.24203,5.6038566,18.679420585632325,True,OOD_shallow_marine_Grouper,OOD
/home/reshma/Otolith/otolith_Final/OOD/shallow_marine/Grouper/R_G_Series001--Z19_90.tif,OOD,OOD_shallow_marine_Grouper,Neomerinthe erostris,79.16401,5.550696,18.736044158935545,True,OOD_shallow_marine_Grouper,OOD
/home/reshma/Otolith/otolith_Final/model_data/test/Hoplostethus sp/Hoplostethus melanopterus_Sp10_L (1).tif,Test,Hoplostethus sp,Hoplostethus sp,42.870052,2.1932397,19.12584919691086,False,Hoplostethus sp,ID_nearest
/home/reshma/Otolith/otolith_Final/model_data/test/Hoplostethus sp/Hoplostethus melanopterus_Sp10_L (10).tif,Test,Hoplostethus sp,Hoplostethus sp,41.402653,1.8603121,18.815276577130334,False,Hoplostethus sp,ID_nearest
/home/reshma/Otolith/otolith_Final/model_data/test/Hoplostethus sp/Hoplostethus melanopterus_Sp10_L (11).tif,Test,Hoplostethus sp,Hoplostethus sp,60.4663,2.399276,19.17080015257289,False,Hoplostethus sp,ID_nearest
/home/reshma/Otolith/otolith_Final/model_data/test/Hoplostethus sp/Hoplostethus melanopterus_Sp10_L (12).tif,Test,Hoplostethus sp,Hoplostethus sp,38.606606,2.0781186,19.136130882501604,False,Hoplostethus sp,ID_nearest
/home/reshma/Otolith/otolith_Final/model_data/test/Hoplostethus sp/Hoplostethus melanopterus_Sp10_L (13).tif,Test,Hoplostethus sp,Hoplostethus sp,36.830772,1.842674,18.857024242433805,False,Hoplostethus sp,ID_nearest
/home/reshma/Otolith/otolith_Final/model_data/test/Hoplostethus sp/Hoplostethus melanopterus_Sp10_L (14).tif,Test,Hoplostethus sp,Hoplostethus sp,38.570873,2.0340083,19.073276793691026,False,Hoplostethus sp,ID_nearest
/home/reshma/Otolith/otolith_Final/model_data/test/Hoplostethus sp/Hoplostethus melanopterus_Sp10_L (15).tif,Test,Hoplostethus sp,Hoplostethus sp,35.358974,1.9910061,18.94477335095405,False,Hoplostethus sp,ID_nearest
/home/reshma/Otolith/otolith_Final/model_data/test/Hoplostethus sp/Hoplostethus melanopterus_Sp10_L (16).tif,Test,Hoplostethus sp,Hoplostethus sp,39.863285,2.171269,19.13492844197403,False,Hoplostethus sp,ID_nearest
/home/reshma/Otolith/otolith_Final/model_data/test/Hoplostethus sp/Hoplostethus melanopterus_Sp10_L (2).tif,Test,Hoplostethus sp,Hoplostethus sp,42.92592,2.0989828,19.45118396997452,False,Hoplostethus sp,ID_nearest
/home/reshma/Otolith/otolith_Final/model_data/test/Hoplostethus sp/Hoplostethus melanopterus_Sp10_L (3).tif,Test,Hoplostethus sp,Hoplostethus sp,46.09803,2.1488955,19.048992620262403,False,Hoplostethus sp,ID_nearest
/home/reshma/Otolith/otolith_Final/model_data/test/Hoplostethus sp/Hoplostethus melanopterus_Sp10_L (4).tif,Test,Hoplostethus sp,Hoplostethus sp,52.590206,2.4176612,19.272529304775496,False,Hoplostethus sp,ID_nearest
/home/reshma/Otolith/otolith_Final/model_data/test/Hoplostethus sp/Hoplostethus melanopterus_Sp10_L (5).tif,Test,Hoplostethus sp,Hoplostethus sp,39.36872,1.9798914,18.869057507514952,False,Hoplostethus sp,ID_nearest
/home/reshma/Otolith/otolith_Final/model_data/test/Hoplostethus sp/Hoplostethus melanopterus_Sp10_L (6).tif,Test,Hoplostethus sp,Hoplostethus sp,38.491333,2.0712447,19.00440833568573,False,Hoplostethus sp,ID_nearest
/home/reshma/Otolith/otolith_Final/model_data/test/Hoplostethus sp/Hoplostethus melanopterus_Sp10_L (7).tif,Test,Hoplostethus sp,Hoplostethus sp,41.730354,2.2116644,19.15070382356644,False,Hoplostethus sp,ID_nearest
/home/reshma/Otolith/otolith_Final/model_data/test/Hoplostethus sp/Hoplostethus melanopterus_Sp10_L (8).tif,Test,Hoplostethus sp,Hoplostethus sp,39.587746,2.0352745,18.92556799411774,False,Hoplostethus sp,ID_nearest
/home/reshma/Otolith/otolith_Final/model_data/test/Hoplostethus sp/Hoplostethus melanopterus_Sp10_L (9).tif,Test,Hoplostethus sp,Hoplostethus sp,42.013893,1.8677036,18.943599815368653,False,Hoplostethus sp,ID_nearest
/home/reshma/Otolith/otolith_Final/model_data/test/Hoplostethus sp/Hoplostethus melanopterus_Sp10_R (1).tif,Test,Hoplostethus sp,Hoplostethus sp,44.298946,2.0414364,19.67627605751445,False,Hoplostethus sp,ID_nearest
/home/reshma/Otolith/otolith_Final/model_data/test/Hoplostethus sp/Hoplostethus melanopterus_Sp10_R (10).tif,Test,Hoplostethus sp,Hoplostethus sp,42.62694,2.058486,20.35509494379451,False,Hoplostethus sp,ID_nearest
/home/reshma/Otolith/otolith_Final/model_data/test/Hoplostethus sp/Hoplostethus melanopterus_Sp10_R (11).tif,Test,Hoplostethus sp,Hoplostethus sp,47.839355,2.4444377,20.79497268761732,False,Hoplostethus sp,ID_nearest
/home/reshma/Otolith/otolith_Final/model_data/test/Hoplostethus sp/Hoplostethus melanopterus_Sp10_R (12).tif,Test,Hoplostethus sp,Hoplostethus sp,55.092262,2.62859,20.94945308420311,False,Hoplostethus sp,ID_nearest
/home/reshma/Otolith/otolith_Final/model_data/test/Hoplostethus sp/Hoplostethus melanopterus_Sp10_R (13).tif,Test,Hoplostethus sp,Hoplostethus sp,57.752647,3.0057466,21.170534904003144,False,Hoplostethus sp,ID_nearest
/home/reshma/Otolith/otolith_Final/model_data/test/Hoplostethus sp/Hoplostethus melanopterus_Sp10_R (14).tif,Test,Hoplostethus sp,Hoplostethus sp,44.05889,2.199656,20.52619464278221,False,Hoplostethus sp,ID_nearest
/home/reshma/Otolith/otolith_Final/model_data/test/Hoplostethus sp/Hoplostethus melanopterus_Sp10_R (15).tif,Test,Hoplostethus sp,Hoplostethus sp,41.08724,2.1738958,20.39465853571892,False,Hoplostethus sp,ID_nearest
/home/reshma/Otolith/otolith_Final/model_data/test/Hoplostethus sp/Hoplostethus melanopterus_Sp10_R (16).tif,Test,Hoplostethus sp,Hoplostethus sp,41.10207,2.1418366,20.33151080369949,False,Hoplostethus sp,ID_nearest
/home/reshma/Otolith/otolith_Final/model_data/test/Hoplostethus sp/Hoplostethus melanopterus_Sp10_R (2).tif,Test,Hoplostethus sp,Hoplostethus sp,41.571735,1.9871944,19.280035369053856,False,Hoplostethus sp,ID_nearest
/home/reshma/Otolith/otolith_Final/model_data/test/Hoplostethus sp/Hoplostethus melanopterus_Sp10_R (3).tif,Test,Hoplostethus sp,Hoplostethus sp,43.292885,2.1715312,19.33766663864543,False,Hoplostethus sp,ID_nearest
/home/reshma/Otolith/otolith_Final/model_data/test/Hoplostethus sp/Hoplostethus melanopterus_Sp10_R (4).tif,Test,Hoplostethus sp,Hoplostethus sp,58.92364,2.5614436,19.57350494221141,False,Hoplostethus sp,ID_nearest
/home/reshma/Otolith/otolith_Final/model_data/test/Hoplostethus sp/Hoplostethus melanopterus_Sp10_R (5).tif,Test,Hoplostethus sp,Hoplostethus sp,53.569244,2.7595556,20.986776333781584,False,Hoplostethus sp,ID_nearest
/home/reshma/Otolith/otolith_Final/model_data/test/Hoplostethus sp/Hoplostethus melanopterus_Sp10_R (6).tif,Test,Hoplostethus sp,Hoplostethus sp,41.655132,2.0888305,19.71918647669773,False,Hoplostethus sp,ID_nearest
/home/reshma/Otolith/otolith_Final/model_data/test/Hoplostethus sp/Hoplostethus melanopterus_Sp10_R (7).tif,Test,Hoplostethus sp,Hoplostethus sp,43.261578,2.2112184,20.10679680660655,False,Hoplostethus sp,ID_nearest
/home/reshma/Otolith/otolith_Final/model_data/test/Hoplostethus sp/Hoplostethus melanopterus_Sp10_R (8).tif,Test,Hoplostethus sp,Hoplostethus sp,37.6335,1.819051,19.66287800277807,False,Hoplostethus sp,ID_nearest
/home/reshma/Otolith/otolith_Final/model_data/test/Hoplostethus sp/Hoplostethus melanopterus_Sp10_R (9).tif,Test,Hoplostethus sp,Hoplostethus sp,37.311203,1.8366499,19.87605816880705,False,Hoplostethus sp,ID_nearest
/home/reshma/Otolith/otolith_Final/model_data/test/Chlorophthalmus acutifrons/Chlorophthalmus acutifrons_L_sp9(1).tif,Test,Chlorophthalmus acutifrons,Chlorophthalmus acutifrons,43.25179,2.1187122,11.77176092066015,False,Chlorophthalmus acutifrons,ID_other
/home/reshma/Otolith/otolith_Final/model_data/test/Chlorophthalmus acutifrons/Chlorophthalmus acutifrons_L_sp9(10).tif,Test,Chlorophthalmus acutifrons,Chlorophthalmus acutifrons,43.12382,1.4899895,12.080048320648936,False,Chlorophthalmus acutifrons,ID_other
/home/reshma/Otolith/otolith_Final/model_data/test/Chlorophthalmus acutifrons/Chlorophthalmus acutifrons_L_sp9(11).tif,Test,Chlorophthalmus acutifrons,Chlorophthalmus acutifrons,45.314648,1.6424495,12.426175957081584,False,Chlorophthalmus acutifrons,ID_other
/home/reshma/Otolith/otolith_Final/model_data/test/Chlorophthalmus acutifrons/Chlorophthalmus acutifrons_L_sp9(12).tif,Test,Chlorophthalmus acutifrons,Chlorophthalmus acutifrons,45.25287,1.6813282,12.368965234312316,False,Chlorophthalmus acutifrons,ID_other
/home/reshma/Otolith/otolith_Final/model_data/test/Chlorophthalmus acutifrons/Chlorophthalmus acutifrons_L_sp9(13).tif,Test,Chlorophthalmus acutifrons,Chlorophthalmus acutifrons,49.893787,2.151195,12.727086009979248,False,Chlorophthalmus acutifrons,ID_other
/home/reshma/Otolith/otolith_Final/model_data/test/Chlorophthalmus acutifrons/Chlorophthalmus acutifrons_L_sp9(14).tif,Test,Chlorophthalmus acutifrons,Chlorophthalmus acutifrons,49.25314,2.11315,12.39407748651018,False,Chlorophthalmus acutifrons,ID_other
/home/reshma/Otolith/otolith_Final/model_data/test/Chlorophthalmus acutifrons/Chlorophthalmus acutifrons_L_sp9(15).tif,Test,Chlorophthalmus acutifrons,Chlorophthalmus acutifrons,58.331505,2.6675222,12.981755050794732,False,Chlorophthalmus acutifrons,ID_other
/home/reshma/Otolith/otolith_Final/model_data/test/Chlorophthalmus acutifrons/Chlorophthalmus acutifrons_L_sp9(16).tif,Test,Chlorophthalmus acutifrons,Chlorophthalmus acutifrons,45.46813,2.7769682,11.183831914181612,False,Chlorophthalmus acutifrons,ID_other
/home/reshma/Otolith/otolith_Final/model_data/test/Chlorophthalmus acutifrons/Chlorophthalmus acutifrons_L_sp9(17).tif,Test,Chlorophthalmus acutifrons,Chlorophthalmus acutifrons,46.03193,2.6870518,11.19377391576767,False,Chlorophthalmus acutifrons,ID_other
/home/reshma/Otolith/otolith_Final/model_data/test/Chlorophthalmus acutifrons/Chlorophthalmus acutifrons_L_sp9(18).tif,Test,Chlorophthalmus acutifrons,Chlorophthalmus acutifrons,43.817616,2.6855044,11.073436781167985,False,Chlorophthalmus acutifrons,ID_other
/home/reshma/Otolith/otolith_Final/model_data/test/Chlorophthalmus acutifrons/Chlorophthalmus acutifrons_L_sp9(19).tif,Test,Chlorophthalmus acutifrons,Chlorophthalmus acutifrons,43.817776,2.7096407,11.060800116772556,False,Chlorophthalmus acutifrons,ID_other
/home/reshma/Otolith/otolith_Final/model_data/test/Chlorophthalmus acutifrons/Chlorophthalmus acutifrons_L_sp9(2).tif,Test,Chlorophthalmus acutifrons,Chlorophthalmus acutifrons,47.418713,1.5249777,12.85170100605276,False,Chlorophthalmus acutifrons,ID_other
/home/reshma/Otolith/otolith_Final/model_data/test/Chlorophthalmus acutifrons/Chlorophthalmus acutifrons_L_sp9(20).tif,Test,Chlorophthalmus acutifrons,Chlorophthalmus acutifrons,44.16896,2.6734447,11.082738512272735,False,Chlorophthalmus acutifrons,ID_other
/home/reshma/Otolith/otolith_Final/model_data/test/Chlorophthalmus acutifrons/Chlorophthalmus acutifrons_L_sp9(21).tif,Test,Chlorophthalmus acutifrons,Chlorophthalmus acutifrons,44.670002,2.726068,11.12943391636302,False,Chlorophthalmus acutifrons,ID_other
/home/reshma/Otolith/otolith_Final/model_data/test/Chlorophthalmus acutifrons/Chlorophthalmus acutifrons_L_sp9(3).tif,Test,Chlorophthalmus acutifrons,Chlorophthalmus acutifrons,47.886436,1.6184126,12.825638706684112,False,Chlorophthalmus acutifrons,ID_other
/home/reshma/Otolith/otolith_Final/model_data/test/Chlorophthalmus acutifrons/Chlorophthalmus acutifrons_L_sp9(4).tif,Test,Chlorophthalmus acutifrons,Chlorophthalmus acutifrons,59.481945,2.7258565,13.912247986311815,False,Chlorophthalmus acutifrons,ID_other
/home/reshma/Otolith/otolith_Final/model_data/test/Chlorophthalmus acutifrons/Chlorophthalmus acutifrons_L_sp9(5).tif,Test,Chlorophthalmus acutifrons,Chlorophthalmus acutifrons,49.611942,1.9769858,12.684925691263327,False,Chlorophthalmus acutifrons,ID_other
/home/reshma/Otolith/otolith_Final/model_data/test/Chlorophthalmus acutifrons/Chlorophthalmus acutifrons_L_sp9(6).tif,Test,Chlorophthalmus acutifrons,Chlorophthalmus acutifrons,48.815643,2.9803708,12.130953768047592,False,Chlorophthalmus acutifrons,ID_other
/home/reshma/Otolith/otolith_Final/model_data/test/Chlorophthalmus acutifrons/Chlorophthalmus acutifrons_L_sp9(7).tif,Test,Chlorophthalmus acutifrons,Chlorophthalmus acutifrons,44.150352,1.3424168,12.409525700363416,False,Chlorophthalmus acutifrons,ID_other
/home/reshma/Otolith/otolith_Final/model_data/test/Chlorophthalmus acutifrons/Chlorophthalmus acutifrons_L_sp9(8).tif,Test,Chlorophthalmus acutifrons,Chlorophthalmus acutifrons,52.94143,2.083865,13.273922384533186,False,Chlorophthalmus acutifrons,ID_other
/home/reshma/Otolith/otolith_Final/model_data/test/Chlorophthalmus acutifrons/Chlorophthalmus acutifrons_L_sp9(9).tif,Test,Chlorophthalmus acutifrons,Chlorophthalmus acutifrons,43.729965,1.5002918,12.12301580786705,False,Chlorophthalmus acutifrons,ID_other
/home/reshma/Otolith/otolith_Final/model_data/test/Chlorophthalmus acutifrons/Chlorophthalmus acutifrons_R_sp9(1).tif,Test,Chlorophthalmus acutifrons,Chlorophthalmus acutifrons,52.61888,2.4343584,10.689403818401594,False,Chlorophthalmus acutifrons,ID_other
/home/reshma/Otolith/otolith_Final/model_data/test/Chlorophthalmus acutifrons/Chlorophthalmus acutifrons_R_sp9(10).tif,Test,Chlorophthalmus acutifrons,Chlorophthalmus acutifrons,31.138475,1.5720265,9.686725121292373,False,Chlorophthalmus acutifrons,ID_other
/home/reshma/Otolith/otolith_Final/model_data/test/Chlorophthalmus acutifrons/Chlorophthalmus acutifrons_R_sp9(11).tif,Test,Chlorophthalmus acutifrons,Chlorophthalmus acutifrons,35.87008,1.5550747,10.154600357527636,False,Chlorophthalmus acutifrons,ID_other
/home/reshma/Otolith/otolith_Final/model_data/test/Chlorophthalmus acutifrons/Chlorophthalmus acutifrons_R_sp9(12).tif,Test,Chlorophthalmus acutifrons,Chlorophthalmus acutifrons,36.54315,1.5905682,10.133010463232898,False,Chlorophthalmus acutifrons,ID_other
/home/reshma/Otolith/otolith_Final/model_data/test/Chlorophthalmus acutifrons/Chlorophthalmus acutifrons_R_sp9(13).tif,Test,Chlorophthalmus acutifrons,Chlorophthalmus acutifrons,42.063152,1.9616393,10.502512223238847,False,Chlorophthalmus acutifrons,ID_other
/home/reshma/Otolith/otolith_Final/model_data/test/Chlorophthalmus acutifrons/Chlorophthalmus acutifrons_R_sp9(14).tif,Test,Chlorophthalmus acutifrons,Chlorophthalmus acutifrons,42.208324,1.8964493,10.520156223773956,False,Chlorophthalmus acutifrons,ID_other
/home/reshma/Otolith/otolith_Final/model_data/test/Chlorophthalmus acutifrons/Chlorophthalmus acutifrons_R_sp9(15).tif,Test,Chlorophthalmus acutifrons,Chlorophthalmus acutifrons,50.70045,2.1828623,11.121094196590684,False,Chlorophthalmus acutifrons,ID_other
/home/reshma/Otolith/otolith_Final/model_data/test/Chlorophthalmus acutifrons/Chlorophthalmus acutifrons_R_sp9(16).tif,Test,Chlorophthalmus acutifrons,Chlorophthalmus acutifrons,56.189774,2.5816627,11.86277028873851,False,Chlorophthalmus acutifrons,ID_other
/home/reshma/Otolith/otolith_Final/model_data/test/Chlorophthalmus acutifrons/Chlorophthalmus acutifrons_R_sp9(17).tif,Test,Chlorophthalmus acutifrons,Chlorophthalmus acutifrons,34.28469,2.11785,9.988812264914417,False,Chlorophthalmus acutifrons,ID_other
/home/reshma/Otolith/otolith_Final/model_data/test/Chlorophthalmus acutifrons/Chlorophthalmus acutifrons_R_sp9(18).tif,Test,Chlorophthalmus acutifrons,Chlorophthalmus acutifrons,48.97323,3.0466552,10.944601597304247,False,Chlorophthalmus acutifrons,ID_other
/home/reshma/Otolith/otolith_Final/model_data/test/Chlorophthalmus acutifrons/Chlorophthalmus acutifrons_R_sp9(19).tif,Test,Chlorophthalmus acutifrons,Chlorophthalmus acutifrons,41.436142,2.0230882,10.34159249186516,False,Chlorophthalmus acutifrons,ID_other
/home/reshma/Otolith/otolith_Final/model_data/test/Chlorophthalmus acutifrons/Chlorophthalmus acutifrons_R_sp9(2).tif,Test,Chlorophthalmus acutifrons,Chlorophthalmus acutifrons,80.83861,2.599548,13.461786913053643,False,Chlorophthalmus acutifrons,ID_other
/home/reshma/Otolith/otolith_Final/model_data/test/Chlorophthalmus acutifrons/Chlorophthalmus acutifrons_R_sp9(20).tif,Test,Chlorophthalmus acutifrons,Chlorophthalmus acutifrons,40.137672,2.0581293,10.266414100642107,False,Chlorophthalmus acutifrons,ID_other
/home/reshma/Otolith/otolith_Final/model_data/test/Chlorophthalmus acutifrons/Chlorophthalmus acutifrons_R_sp9(21).tif,Test,Chlorophthalmus acutifrons,Chlorophthalmus acutifrons,37.03703,1.9725598,10.02444431618144,False,Chlorophthalmus acutifrons,ID_other
/home/reshma/Otolith/otolith_Final/model_data/test/Chlorophthalmus acutifrons/Chlorophthalmus acutifrons_R_sp9(22).tif,Test,Chlorophthalmus acutifrons,Chlorophthalmus acutifrons,37.8641,1.9637705,10.084595133814116,False,Chlorophthalmus acutifrons,ID_other
/home/reshma/Otolith/otolith_Final/model_data/test/Chlorophthalmus acutifrons/Chlorophthalmus acutifrons_R_sp9(23).tif,Test,Chlorophthalmus acutifrons,Chlorophthalmus acutifrons,37.490887,1.9586736,10.049562069551596,False,Chlorophthalmus acutifrons,ID_other
/home/reshma/Otolith/otolith_Final/model_data/test/Chlorophthalmus acutifrons/Chlorophthalmus acutifrons_R_sp9(24).tif,Test,Chlorophthalmus acutifrons,Chlorophthalmus acutifrons,40.266434,2.0794895,10.199697560445914,False,Chlorophthalmus acutifrons,ID_other
/home/reshma/Otolith/otolith_Final/model_data/test/Chlorophthalmus acutifrons/Chlorophthalmus acutifrons_R_sp9(3).tif,Test,Chlorophthalmus acutifrons,Chlorophthalmus acutifrons,34.499447,1.6829742,9.932925523075362,False,Chlorophthalmus acutifrons,ID_other
/home/reshma/Otolith/otolith_Final/model_data/test/Chlorophthalmus acutifrons/Chlorophthalmus acutifrons_R_sp9(4).tif,Test,Chlorophthalmus acutifrons,Chlorophthalmus acutifrons,41.50825,2.1746268,10.371539959907532,False,Chlorophthalmus acutifrons,ID_other
/home/reshma/Otolith/otolith_Final/model_data/test/Chlorophthalmus acutifrons/Chlorophthalmus acutifrons_R_sp9(5).tif,Test,Chlorophthalmus acutifrons,Chlorophthalmus acutifrons,33.724377,1.7786447,9.88270536612978,False,Chlorophthalmus acutifrons,ID_other
/home/reshma/Otolith/otolith_Final/model_data/test/Chlorophthalmus acutifrons/Chlorophthalmus acutifrons_R_sp9(6).tif,Test,Chlorophthalmus acutifrons,Chlorophthalmus acutifrons,37.646767,1.5929568,10.19157837227275,False,Chlorophthalmus acutifrons,ID_other
/home/reshma/Otolith/otolith_Final/model_data/test/Chlorophthalmus acutifrons/Chlorophthalmus acutifrons_R_sp9(7).tif,Test,Chlorophthalmus acutifrons,Chlorophthalmus acutifrons,32.73432,1.5593235,9.855645672438408,False,Chlorophthalmus acutifrons,ID_other
/home/reshma/Otolith/otolith_Final/model_data/test/Chlorophthalmus acutifrons/Chlorophthalmus acutifrons_R_sp9(8).tif,Test,Chlorophthalmus acutifrons,Chlorophthalmus acutifrons,40.102386,1.8382596,10.289829303381708,False,Chlorophthalmus acutifrons,ID_other
/home/reshma/Otolith/otolith_Final/model_data/test/Chlorophthalmus acutifrons/Chlorophthalmus acutifrons_R_sp9(9).tif,Test,Chlorophthalmus acutifrons,Chlorophthalmus acutifrons,35.240498,1.8397746,9.939988301548262,False,Chlorophthalmus acutifrons,ID_other
/home/reshma/Otolith/otolith_Final/model_data/test/Coryphaenoides sp/Coryphaenoides sp_Sp10_L (1).tif,Test,Coryphaenoides sp,Coryphaenoides sp,31.284056,1.2702776,12.059514352793595,False,Coryphaenoides sp,ID_other
/home/reshma/Otolith/otolith_Final/model_data/test/Coryphaenoides sp/Coryphaenoides sp_Sp10_L (10).tif,Test,Coryphaenoides sp,Coryphaenoides sp,33.190636,1.3597412,11.715689327272674,False,Coryphaenoides sp,ID_other
/home/reshma/Otolith/otolith_Final/model_data/test/Coryphaenoides sp/Coryphaenoides sp_Sp10_L (11).tif,Test,Coryphaenoides sp,Coryphaenoides sp,32.492893,1.4034766,11.735402072223922,False,Coryphaenoides sp,ID_other
/home/reshma/Otolith/otolith_Final/model_data/test/Coryphaenoides sp/Coryphaenoides sp_Sp10_L (12).tif,Test,Coryphaenoides sp,Coryphaenoides sp,34.339184,1.4571095,11.636047289726998,False,Coryphaenoides sp,ID_other
/home/reshma/Otolith/otolith_Final/model_data/test/Coryphaenoides sp/Coryphaenoides sp_Sp10_L (13).tif,Test,Coryphaenoides sp,Coryphaenoides sp,32.4447,1.4144627,11.632591231579685,False,Coryphaenoides sp,ID_other
/home/reshma/Otolith/otolith_Final/model_data/test/Coryphaenoides sp/Coryphaenoides sp_Sp10_L (14).tif,Test,Coryphaenoides sp,Coryphaenoides sp,33.05552,1.4674195,11.653634426251426,False,Coryphaenoides sp,ID_other
/home/reshma/Otolith/otolith_Final/model_data/test/Coryphaenoides sp/Coryphaenoides sp_Sp10_L (15).tif,Test,Coryphaenoides sp,Coryphaenoides sp,36.63294,1.5881758,11.826721454022197,False,Coryphaenoides sp,ID_other
/home/reshma/Otolith/otolith_Final/model_data/test/Coryphaenoides sp/Coryphaenoides sp_Sp10_L (16).tif,Test,Coryphaenoides sp,Coryphaenoides sp,60.14946,1.866041,12.566701064109802,False,Coryphaenoides sp,ID_other
/home/reshma/Otolith/otolith_Final/model_data/test/Coryphaenoides sp/Coryphaenoides sp_Sp10_L (17).tif,Test,Coryphaenoides sp,Coryphaenoides sp,43.324814,1.4865264,12.458694107532502,False,Coryphaenoides sp,ID_other
/home/reshma/Otolith/otolith_Final/model_data/test/Coryphaenoides sp/Coryphaenoides sp_Sp10_L (18).tif,Test,Coryphaenoides sp,Coryphaenoides sp,42.61313,1.5134321,12.211941316127778,False,Coryphaenoides sp,ID_other
/home/reshma/Otolith/otolith_Final/model_data/test/Coryphaenoides sp/Coryphaenoides sp_Sp10_L (19).tif,Test,Coryphaenoides sp,Coryphaenoides sp,83.59887,3.0834012,13.91178048358982,False,Coryphaenoides sp,ID_other
/home/reshma/Otolith/otolith_Final/model_data/test/Coryphaenoides sp/Coryphaenoides sp_Sp10_L (2).tif,Test,Coryphaenoides sp,Coryphaenoides sp,29.538258,1.3070501,11.918745111227036,False,Coryphaenoides sp,ID_other
/home/reshma/Otolith/otolith_Final/model_data/test/Coryphaenoides sp/Coryphaenoides sp_Sp10_L (20).tif,Test,Coryphaenoides sp,Coryphaenoides sp,55.265884,2.104913,12.309547237868212,False,Coryphaenoides sp,ID_other
/home/reshma/Otolith/otolith_Final/model_data/test/Coryphaenoides sp/Coryphaenoides sp_Sp10_L (21).tif,Test,Coryphaenoides sp,Coryphaenoides sp,55.712727,2.5003293,13.115022900104522,False,Coryphaenoides sp,ID_other
/home/reshma/Otolith/otolith_Final/model_data/test/Coryphaenoides sp/Coryphaenoides sp_Sp10_L (22).tif,Test,Coryphaenoides sp,Coryphaenoides sp,59.658558,2.61034,13.374096431599312,False,Coryphaenoides sp,ID_other
/home/reshma/Otolith/otolith_Final/model_data/test/Coryphaenoides sp/Coryphaenoides sp_Sp10_L (23).tif,Test,Coryphaenoides sp,Coryphaenoides sp,57.39668,2.4959385,13.305279445515328,False,Coryphaenoides sp,ID_other
/home/reshma/Otolith/otolith_Final/model_data/test/Coryphaenoides sp/Coryphaenoides sp_Sp10_L (24).tif,Test,Coryphaenoides sp,Coryphaenoides sp,56.704826,2.5644531,13.327197312116622,False,Coryphaenoides sp,ID_other
/home/reshma/Otolith/otolith_Final/model_data/test/Coryphaenoides sp/Coryphaenoides sp_Sp10_L (25).tif,Test,Coryphaenoides sp,Coryphaenoides sp,56.4587,2.4844682,13.323680635208987,False,Coryphaenoides sp,ID_other
/home/reshma/Otolith/otolith_Final/model_data/test/Coryphaenoides sp/Coryphaenoides sp_Sp10_L (26).tif,Test,Coryphaenoides sp,Coryphaenoides sp,56.356037,2.4498396,13.35786205040043,False,Coryphaenoides sp,ID_other
/home/reshma/Otolith/otolith_Final/model_data/test/Coryphaenoides sp/Coryphaenoides sp_Sp10_L (27).tif,Test,Coryphaenoides sp,Coryphaenoides sp,56.765446,2.477022,13.257226431369782,False,Coryphaenoides sp,ID_other
/home/reshma/Otolith/otolith_Final/model_data/test/Coryphaenoides sp/Coryphaenoides sp_Sp10_L (28).tif,Test,Coryphaenoides sp,Coryphaenoides sp,54.319065,2.3906734,13.127656721587083,False,Coryphaenoides sp,ID_other
/home/reshma/Otolith/otolith_Final/model_data/test/Coryphaenoides sp/Coryphaenoides sp_Sp10_L (29).tif,Test,Coryphaenoides sp,Coryphaenoides sp,30.852945,1.300992,11.874111916847715,False,Coryphaenoides sp,ID_other
/home/reshma/Otolith/otolith_Final/model_data/test/Coryphaenoides sp/Coryphaenoides sp_Sp10_L (3).tif,Test,Coryphaenoides sp,Coryphaenoides sp,29.711372,1.3524262,11.792105780707054,False,Coryphaenoides sp,ID_other
/home/reshma/Otolith/otolith_Final/model_data/test/Coryphaenoides sp/Coryphaenoides sp_Sp10_L (4).tif,Test,Coryphaenoides sp,Coryphaenoides sp,30.592329,1.3772622,11.754746533830176,False,Coryphaenoides sp,ID_other
/home/reshma/Otolith/otolith_Final/model_data/test/Coryphaenoides sp/Coryphaenoides sp_Sp10_L (5).tif,Test,Coryphaenoides sp,Coryphaenoides sp,29.584688,1.2794857,11.820532284842184,False,Coryphaenoides sp,ID_other
/home/reshma/Otolith/otolith_Final/model_data/test/Coryphaenoides sp/Coryphaenoides sp_Sp10_L (6).tif,Test,Coryphaenoides sp,Coryphaenoides sp,27.711704,1.3115655,11.726939838939202,False,Coryphaenoides sp,ID_other
/home/reshma/Otolith/otolith_Final/model_data/test/Coryphaenoides sp/Coryphaenoides sp_Sp10_L (7).tif,Test,Coryphaenoides sp,Coryphaenoides sp,30.156527,1.3333507,11.736142572164535,False,Coryphaenoides sp,ID_other
/home/reshma/Otolith/otolith_Final/model_data/test/Coryphaenoides sp/Coryphaenoides sp_Sp10_L (8).tif,Test,Coryphaenoides sp,Coryphaenoides sp,31.173594,1.3659161,11.71559360133236,False,Coryphaenoides sp,ID_other
/home/reshma/Otolith/otolith_Final/model_data/test/Coryphaenoides sp/Coryphaenoides sp_Sp10_L (9).tif,Test,Coryphaenoides sp,Coryphaenoides sp,33.338123,1.4206198,11.69095923140933,False,Coryphaenoides sp,ID_other
/home/reshma/Otolith/otolith_Final/model_data/test/Dactyloptena orientalis/Dactyloptena orientalis_Sp10_L (1).tif,Test,Dactyloptena orientalis,Dactyloptena orientalis,42.38792,3.0974803,9.760835039482766,False,Dactyloptena orientalis,ID_other
/home/reshma/Otolith/otolith_Final/model_data/test/Dactyloptena orientalis/Dactyloptena orientalis_Sp10_L (10).tif,Test,Dactyloptena orientalis,Dactyloptena orientalis,46.6159,2.5455902,11.30575177890826,False,Dactyloptena orientalis,ID_other
/home/reshma/Otolith/otolith_Final/model_data/test/Dactyloptena orientalis/Dactyloptena orientalis_Sp10_L (11).tif,Test,Dactyloptena orientalis,Dactyloptena orientalis,33.946735,2.6319876,8.789467079468258,False,Dactyloptena orientalis,ID_other
/home/reshma/Otolith/otolith_Final/model_data/test/Dactyloptena orientalis/Dactyloptena orientalis_Sp10_L (2).tif,Test,Dactyloptena orientalis,Dactyloptena orientalis,36.381405,2.6995575,9.12142488002777,False,Dactyloptena orientalis,ID_other
/home/reshma/Otolith/otolith_Final/model_data/test/Dactyloptena orientalis/Dactyloptena orientalis_Sp10_L (3).tif,Test,Dactyloptena orientalis,Dactyloptena orientalis,36.68965,2.7960804,9.2031642840581,False,Dactyloptena orientalis,ID_other
/home/reshma/Otolith/otolith_Final/model_data/test/Dactyloptena orientalis/Dactyloptena orientalis_Sp10_L (4).tif,Test,Dactyloptena orientalis,Dactyloptena orientalis,66.80717,3.3387089,13.833900558948518,False,Dactyloptena orientalis,ID_other
/home/reshma/Otolith/otolith_Final/model_data/test/Dactyloptena orientalis/Dactyloptena orientalis_Sp10_L (5).tif,Test,Dactyloptena orientalis,Dactyloptena orientalis,55.301003,2.955175,11.646589756011965,False,Dactyloptena orientalis,ID_other
/home/reshma/Otolith/otolith_Final/model_data/test/Dactyloptena orientalis/Dactyloptena orientalis_Sp10_L (6).tif,Test,Dactyloptena orientalis,Dactyloptena orientalis,53.480057,2.9312987,11.432980064527642,False,Dactyloptena orientalis,ID_other
/home/reshma/Otolith/otolith_Final/model_data/test/Dactyloptena orientalis/Dactyloptena orientalis_Sp10_L (7).tif,Test,Dactyloptena orientalis,Dactyloptena orientalis,50.958267,2.8890224,11.297263533897883,False,Dactyloptena orientalis,ID_other
/home/reshma/Otolith/otolith_Final/model_data/test/Dactyloptena orientalis/Dactyloptena orientalis_Sp10_L (8).tif,Test,Dactyloptena orientalis,Dactyloptena orientalis,64.6857,3.069382,13.505802714342972,False,Dactyloptena orientalis,ID_other
/home/reshma/Otolith/otolith_Final/model_data/test/Dactyloptena orientalis/Dactyloptena orientalis_Sp10_L (9).tif,Test,Dactyloptena orientalis,Dactyloptena orientalis,72.77521,3.9360406,13.99899787902832,False,Dactyloptena orientalis,ID_other
/home/reshma/Otolith/otolith_Final/model_data/test/Dactyloptena orientalis/Dactyloptena orientalis_Sp10_R (1).tif,Test,Dactyloptena orientalis,Dactyloptena orientalis,43.97391,2.6970403,8.725353984351061,False,Dactyloptena orientalis,ID_other
/home/reshma/Otolith/otolith_Final/model_data/test/Dactyloptena orientalis/Dactyloptena orientalis_Sp10_R (10).tif,Test,Dactyloptena orientalis,Dactyloptena orientalis,47.56968,2.713325,10.102426104545591,False,Dactyloptena orientalis,ID_other
/home/reshma/Otolith/otolith_Final/model_data/test/Dactyloptena orientalis/Dactyloptena orientalis_Sp10_R (11).tif,Test,Dactyloptena orientalis,Dactyloptena orientalis,43.351135,2.6452718,9.701210761070252,False,Dactyloptena orientalis,ID_other
/home/reshma/Otolith/otolith_Final/model_data/test/Dactyloptena orientalis/Dactyloptena orientalis_Sp10_R (12).tif,Test,Dactyloptena orientalis,Dactyloptena orientalis,31.993826,2.3014565,8.505017294883729,False,Dactyloptena orientalis,ID_other
/home/reshma/Otolith/otolith_Final/model_data/test/Dactyloptena orientalis/Dactyloptena orientalis_Sp10_R (13).tif,Test,Dactyloptena orientalis,Dactyloptena orientalis,42.086864,2.5469987,8.617996568198107,False,Dactyloptena orientalis,ID_other
/home/reshma/Otolith/otolith_Final/model_data/test/Dactyloptena orientalis/Dactyloptena orientalis_Sp10_R (2).tif,Test,Dactyloptena orientalis,Dactyloptena orientalis,48.257687,2.632313,8.646504785020364,False,Dactyloptena orientalis,ID_other
/home/reshma/Otolith/otolith_Final/model_data/test/Dactyloptena orientalis/Dactyloptena orientalis_Sp10_R (3).tif,Test,Dactyloptena orientalis,Dactyloptena orientalis,48.801193,2.5789716,8.573500322301399,False,Dactyloptena orientalis,ID_other
/home/reshma/Otolith/otolith_Final/model_data/test/Dactyloptena orientalis/Dactyloptena orientalis_Sp10_R (4).tif,Test,Dactyloptena orientalis,Dactyloptena orientalis,49.59754,2.655844,8.73641404390335,False,Dactyloptena orientalis,ID_other
/home/reshma/Otolith/otolith_Final/model_data/test/Dactyloptena orientalis/Dactyloptena orientalis_Sp10_R (5).tif,Test,Dactyloptena orientalis,Dactyloptena orientalis,66.210526,4.003486,12.577873110638311,False,Dactyloptena orientalis,ID_other
/home/reshma/Otolith/otolith_Final/model_data/test/Dactyloptena orientalis/Dactyloptena orientalis_Sp10_R (6).tif,Test,Dactyloptena orientalis,Dactyloptena orientalis,64.37265,3.9992452,12.619627835268878,False,Dactyloptena orientalis,ID_other
/home/reshma/Otolith/otolith_Final/model_data/test/Dactyloptena orientalis/Dactyloptena orientalis_Sp10_R (7).tif,Test,Dactyloptena orientalis,Dactyloptena orientalis,45.47721,2.8991096,10.56465380413104,False,Dactyloptena orientalis,ID_other
/home/reshma/Otolith/otolith_Final/model_data/test/Dactyloptena orientalis/Dactyloptena orientalis_Sp10_R (8).tif,Test,Dactyloptena orientalis,Dactyloptena orientalis,42.67676,2.816758,10.120834927756798,False,Dactyloptena orientalis,ID_other
/home/reshma/Otolith/otolith_Final/model_data/test/Dactyloptena orientalis/Dactyloptena orientalis_Sp10_R (9).tif,Test,Dactyloptena orientalis,Dactyloptena orientalis,41.858463,2.8575914,10.082424365149192,False,Dactyloptena orientalis,ID_other
/home/reshma/Otolith/otolith_Final/model_data/test/Dactyloptena orientalis/Dactyloptena orientalis_Sp9_L (1).tif,Test,Dactyloptena orientalis,Dactyloptena orientalis,44.924877,2.7962074,10.196642532348632,False,Dactyloptena orientalis,ID_other
/home/reshma/Otolith/otolith_Final/model_data/test/Dactyloptena orientalis/Dactyloptena orientalis_Sp9_L (2).tif,Test,Dactyloptena orientalis,Dactyloptena orientalis,39.23271,2.4979239,9.51245301127434,False,Dactyloptena orientalis,ID_other
/home/reshma/Otolith/otolith_Final/model_data/test/Dactyloptena orientalis/Dactyloptena orientalis_Sp9_L (3).tif,Test,Dactyloptena orientalis,Dactyloptena orientalis,40.333168,2.5756755,9.582633269854076,False,Dactyloptena orientalis,ID_other
/home/reshma/Otolith/otolith_Final/model_data/test/Dactyloptena orientalis/Dactyloptena orientalis_Sp9_L (4).tif,Test,Dactyloptena orientalis,Dactyloptena orientalis,38.19852,2.4482703,9.38911589384079,False,Dactyloptena orientalis,ID_other
/home/reshma/Otolith/otolith_Final/model_data/test/Dactyloptena orientalis/Dactyloptena orientalis_Sp9_L (5).tif,Test,Dactyloptena orientalis,Dactyloptena orientalis,57.187313,3.49581,11.907490791456352,False,Dactyloptena orientalis,ID_other
/home/reshma/Otolith/otolith_Final/model_data/test/Dactyloptena orientalis/Dactyloptena orientalis_Sp9_L (6).tif,Test,Dactyloptena orientalis,Dactyloptena orientalis,32.899574,2.517909,8.865834268705497,False,Dactyloptena orientalis,ID_other
/home/reshma/Otolith/otolith_Final/model_data/test/Dactyloptena orientalis/Dactyloptena orientalis_Sp9_L (7).tif,Test,Dactyloptena orientalis,Dactyloptena orientalis,43.045124,2.5514824,10.29259609222412,False,Dactyloptena orientalis,ID_other
/home/reshma/Otolith/otolith_Final/model_data/test/Dactyloptena orientalis/Dactyloptena orientalis_Sp9_L (8).tif,Test,Dactyloptena orientalis,Dactyloptena orientalis,34.70041,2.492357,8.68059908611346,False,Dactyloptena orientalis,ID_other
/home/reshma/Otolith/otolith_Final/model_data/test/Dactyloptena orientalis/Dactyloptena orientalis_Sp9_L (9).tif,Test,Dactyloptena orientalis,Dactyloptena orientalis,34.067657,2.57605,9.059591433830745,False,Dactyloptena orientalis,ID_other
/home/reshma/Otolith/otolith_Final/model_data/test/Dactyloptena orientalis/Dactyloptena orientalis_Sp9_R (1).tif,Test,Dactyloptena orientalis,Dactyloptena orientalis,33.756504,2.8059976,8.99380547713747,False,Dactyloptena orientalis,ID_other
/home/reshma/Otolith/otolith_Final/model_data/test/Dactyloptena orientalis/Dactyloptena orientalis_Sp9_R (10).tif,Test,Dactyloptena orientalis,Dactyloptena orientalis,30.890606,2.447899,8.668818472997794,False,Dactyloptena orientalis,ID_other
/home/reshma/Otolith/otolith_Final/model_data/test/Dactyloptena orientalis/Dactyloptena orientalis_Sp9_R (11).tif,Test,Dactyloptena orientalis,Dactyloptena orientalis,34.304718,2.605762,8.504390691892754,False,Dactyloptena orientalis,ID_other
/home/reshma/Otolith/otolith_Final/model_data/test/Dactyloptena orientalis/Dactyloptena orientalis_Sp9_R (12).tif,Test,Dactyloptena orientalis,Dactyloptena orientalis,35.825966,2.9002547,9.42113380432129,False,Dactyloptena orientalis,ID_other
/home/reshma/Otolith/otolith_Final/model_data/test/Dactyloptena orientalis/Dactyloptena orientalis_Sp9_R (13).tif,Test,Dactyloptena orientalis,Dactyloptena orientalis,34.257153,2.5468295,8.460451498031617,False,Dactyloptena orientalis,ID_other
/home/reshma/Otolith/otolith_Final/model_data/test/Dactyloptena orientalis/Dactyloptena orientalis_Sp9_R (2).tif,Test,Dactyloptena orientalis,Dactyloptena orientalis,34.51095,2.9043841,8.980098280906677,False,Dactyloptena orientalis,ID_other
/home/reshma/Otolith/otolith_Final/model_data/test/Dactyloptena orientalis/Dactyloptena orientalis_Sp9_R (3).tif,Test,Dactyloptena orientalis,Dactyloptena orientalis,34.26481,2.859446,8.96784578241552,False,Dactyloptena orientalis,ID_other
/home/reshma/Otolith/otolith_Final/model_data/test/Dactyloptena orientalis/Dactyloptena orientalis_Sp9_R (4).tif,Test,Dactyloptena orientalis,Dactyloptena orientalis,49.791157,3.496773,10.212431041200173,False,Dactyloptena orientalis,ID_other
/home/reshma/Otolith/otolith_Final/model_data/test/Dactyloptena orientalis/Dactyloptena orientalis_Sp9_R (5).tif,Test,Dactyloptena orientalis,Dactyloptena orientalis,45.26021,2.8756106,9.859516381735704,False,Dactyloptena orientalis,ID_other
/home/reshma/Otolith/otolith_Final/model_data/test/Dactyloptena orientalis/Dactyloptena orientalis_Sp9_R (6).tif,Test,Dactyloptena orientalis,Dactyloptena orientalis,43.5238,3.133505,10.231422647948168,False,Dactyloptena orientalis,ID_other
/home/reshma/Otolith/otolith_Final/model_data/test/Dactyloptena orientalis/Dactyloptena orientalis_Sp9_R (7).tif,Test,Dactyloptena orientalis,Dactyloptena orientalis,31.302809,2.6505175,8.754389984125995,False,Dactyloptena orientalis,ID_other
/home/reshma/Otolith/otolith_Final/model_data/test/Dactyloptena orientalis/Dactyloptena orientalis_Sp9_R (8).tif,Test,Dactyloptena orientalis,Dactyloptena orientalis,38.795452,2.5788984,9.451271659333718,False,Dactyloptena orientalis,ID_other
/home/reshma/Otolith/otolith_Final/model_data/test/Dactyloptena orientalis/Dactyloptena orientalis_Sp9_R (9).tif,Test,Dactyloptena orientalis,Dactyloptena orientalis,38.289513,2.468427,9.371034829483682,False,Dactyloptena orientalis,ID_other
/home/reshma/Otolith/otolith_Final/model_data/test/Neomerinthe erostris/AB24 1.0X TOP2.tif,Test,Neomerinthe erostris,Neomerinthe erostris,55.204525,6.3604817,30.296120991225145,False,Neomerinthe erostris,ID_other
/home/reshma/Otolith/otolith_Final/model_data/test/Neomerinthe erostris/AB32R 1.0X.tif,Test,Neomerinthe erostris,Neomerinthe erostris,43.44597,4.638751,46.03189270809581,False,Neomerinthe erostris,ID_other
/home/reshma/Otolith/otolith_Final/model_data/test/Neomerinthe erostris/AB34 1.0X TOP.tif,Test,Neomerinthe erostris,Neomerinthe erostris,46.337894,5.5102944,26.02185318421831,False,Neomerinthe erostris,ID_other
/home/reshma/Otolith/otolith_Final/model_data/test/Neomerinthe erostris/AB37R 1.0.tif,Test,Neomerinthe erostris,Neomerinthe erostris,43.41716,4.0902605,46.67529235839844,False,Neomerinthe erostris,ID_other
/home/reshma/Otolith/otolith_Final/model_data/test/Neomerinthe erostris/AB3R 0.75X.tif,Test,Neomerinthe erostris,Neomerinthe erostris,39.011887,4.326744,24.62980836357214,False,Neomerinthe erostris,ID_other
/home/reshma/Otolith/otolith_Final/model_data/test/Neomerinthe erostris/AB3R 1.0X.tif,Test,Neomerinthe erostris,Neomerinthe erostris,46.304108,6.452328,18.586553816452994,False,Neomerinthe erostris,ID_other
/home/reshma/Otolith/otolith_Final/model_data/test/Neomerinthe erostris/AB6R 0.75X.tif,Test,Neomerinthe erostris,Neomerinthe erostris,41.877518,4.086049,25.36085522488048,False,Neomerinthe erostris,ID_other
/home/reshma/Otolith/otolith_Final/model_data/test/Neomerinthe erostris/AB8R 1.0X.tif,Test,Neomerinthe erostris,Neomerinthe erostris,44.6814,5.7726526,33.406190822872425,False,Neomerinthe erostris,ID_other
